source,text,date,compound,positive,neutral,negative,tweets ago
BBC,"RT @bbcwritersroom: Writer Debbie Horsfield's new @BBCOne drama #AgeBeforeBeauty begins tonight (Tue 31 July) at 9pm. 

We caught up with D‚Ä¶",2018-07-31 16:33:01+00:00,0.0,0.0,1.0,0.0,1
BBC,"The Old Bridge in Mostar is one of Bosnia-Herzegovina's most famous landmarks. 

But does it connect or divide the‚Ä¶ ",2018-07-31 16:01:02+00:00,0.0,0.0,1.0,0.0,2
BBC,"RT @bbcmusic: ""Hopefully my little messages for train passengers will be a nice surprise and a reminder of the power of music as they go ab‚Ä¶",2018-07-31 15:19:43+00:00,0.765,0.266,0.734,0.0,3
BBC,"Congratulations John!  A 95-year-old man has graduated from Oxford University, 76 years after he completed his deg‚Ä¶ ",2018-07-31 14:02:05+00:00,0.636,0.198,0.802,0.0,4
BBC,"Have you ever spotted hidden messages in the Harry Potter films?
#HappyBirthdayHarryPotter ",2018-07-31 13:00:23+00:00,0.0,0.0,1.0,0.0,5
BBC,"RT @BBCEarth: In formation 

Let's celebrate all the men and women protecting our planet's wildlife 
#WorldRangerDay ",2018-07-31 11:41:04+00:00,0.7717,0.251,0.749,0.0,6
BBC,"Tunnelling work is almost set to begin on London's new super sewer.
But before it can start, some very important th‚Ä¶ ",2018-07-31 11:38:00+00:00,0.6236,0.211,0.789,0.0,7
BBC,"An Australian family has been startled awake after a kangaroo crashed its way through a window in their home.
‚Ä¶ ",2018-07-31 11:07:35+00:00,-0.1779,0.0,0.909,0.091,8
BBC,Watch Leading Lady Parts on @BBCiPlayer  ,2018-07-31 09:50:02+00:00,0.0,0.0,1.0,0.0,9
BBC,"Still without a home and unsure where to turn to next, the future is 'scary' for Kelly. ",2018-07-31 08:02:04+00:00,0.1877,0.104,0.896,0.0,10
BBC,"Legal permission will no longer be required to end care for patients in a long-term permanent vegetative state, the‚Ä¶ ",2018-07-31 07:28:06+00:00,0.3612,0.215,0.685,0.1,11
BBC,"'I've found random stuff like false teeth.' 

The diving group picking up litter in the North Sea. ",2018-07-31 07:00:08+00:00,0.4215,0.202,0.798,0.0,12
BBC,"For anyone who doesn't care about Love Island... 

",2018-07-30 20:03:04+00:00,-0.7181,0.0,0.5,0.5,13
BBC,What makes you resilient? ,2018-07-30 18:01:04+00:00,0.0,0.0,1.0,0.0,14
BBC,"‚òîÔ∏è It turns out it's not just gratitude that makes rain smell so appealing after a long period of dry weather.

The‚Ä¶ ",2018-07-30 17:03:05+00:00,-0.4023,0.0,0.881,0.119,15
BBC," Advertising toilet paper using puppies! How it all began... 
#InsideTheFactory ",2018-07-30 16:03:04+00:00,0.0,0.0,1.0,0.0,16
BBC," Photographs from around the world of Friday's #BloodMoon - the longest lunar eclipse of the 21st Century.
‚Ä¶ ",2018-07-30 14:03:08+00:00,0.0,0.0,1.0,0.0,17
BBC,"A polar bear has been shot dead after it attacked a cruise ship guard on Norway's Svalbard archipelago, within the‚Ä¶ ",2018-07-30 13:04:01+00:00,-0.8074,0.0,0.687,0.313,18
BBC, When a sheepdog doesn't quite cut it... ,2018-07-30 12:01:06+00:00,0.2572,0.253,0.747,0.0,19
BBC,"RT @BBCRadio4: BLOOPERS! 
@ProfBrianCox can't tell his hominins from his hominids. Or possibly the other way around.
Much more Monkey Cage‚Ä¶",2018-07-30 11:56:23+00:00,0.0,0.0,1.0,0.0,20
BBC,"Why Americans will be able to 3D print their own guns from August.

",2018-07-30 11:03:01+00:00,0.0,0.0,1.0,0.0,21
BBC,‚ù§Ô∏è The reaction when this little girl showed her school friends her new sports blade gives us all the feels.‚Ä¶ ,2018-07-30 09:00:15+00:00,0.4767,0.134,0.866,0.0,22
BBC,"Now this is an impressive line-up!

Gemma Arterton, Catherine Tate, @Gemma_Chan1, @emiliaclarke, @IAMLenaHeadey and‚Ä¶ ",2018-07-30 08:13:57+00:00,0.5562,0.216,0.784,0.0,23
BBC," Our cats may purr when we pet them, but it‚Äôs a much more complicated form of communication than we've assumed.
‚Ä¶ ",2018-07-30 07:27:06+00:00,0.0,0.0,1.0,0.0,24
BBC,"The pika might just be the world's cutest thief!
#AnimalsBehavingBadly ",2018-07-30 07:01:05+00:00,0.1759,0.264,0.516,0.219,25
BBC,RT @bbcarts: Tsundoku: The art of buying books and never reading them ,2018-07-29 20:26:13+00:00,0.0,0.0,1.0,0.0,26
BBC,Stacey Dooley meets a Roma girl who turned to prostitution after she was removed from her parents at 13. ,2018-07-29 20:03:05+00:00,0.0,0.0,1.0,0.0,27
BBC," @edballs travels to America's Deep South to immerse himself in the lives of those who put Trump in power, and le‚Ä¶ ",2018-07-29 19:02:05+00:00,0.4215,0.113,0.887,0.0,28
BBC,"RT @BBCSport: Geraint Thomas has done it! Û†ÅßÛ†Å¢Û†Å∑Û†Å¨Û†Å≥Û†Åø

He's become the first ever Welshman to win the Tour de France  ",2018-07-29 17:29:30+00:00,0.6239,0.151,0.849,0.0,29
BBC, A Scottish three year old's take on the summer holidays. ,2018-07-29 17:03:03+00:00,0.6705,0.332,0.57,0.098,30
BBC,"‚ô•Ô∏è Four-year-old Daniel and 91-year-old Stuart, who has dementia, have struck up an unlikely friendship. ",2018-07-29 16:06:01+00:00,0.2263,0.162,0.726,0.112,31
BBC, Here‚Äôs what happened when @RomeshRanga went on Albanian TV. ,2018-07-29 15:03:02+00:00,0.0,0.0,1.0,0.0,32
BBC,Follow live coverage as 150 of the world's best cyclists compete on 200km of closed roads in London and Surrey. ‚Ä¶ ,2018-07-29 14:01:05+00:00,0.6369,0.174,0.826,0.0,33
BBC,"RT @BBCSportWales: It's a matter of hours until Geraint Thomas is crowned as the first Welshman to win the Tour de France

 Here's how he‚Ä¶",2018-07-29 13:20:07+00:00,0.5994,0.159,0.841,0.0,34
BBC,"RT @bbcgetinspired: Sam Maycock is fulfilling his dad Nigel's dream by taking on the 100-mile route in #RideLondon.

Nigel died in October‚Ä¶",2018-07-29 13:18:07+00:00,-0.3818,0.078,0.781,0.141,35
BBC,This teenager was banned from performing in drag at his school's end-of-year talent show. ,2018-07-29 13:01:07+00:00,-0.2732,0.15,0.588,0.262,36
BBC,"RT @BBCFood: Get the whole family making jaffa cakes this weekend 
",2018-07-29 11:21:30+00:00,0.0,0.0,1.0,0.0,37
BBC,"What is #ThinPrivilege and who has it?
 ",2018-07-29 11:01:05+00:00,0.0,0.0,1.0,0.0,38
BBC,"Researchers have found evidence of an existing body of liquid water on Mars.
 ",2018-07-29 10:12:02+00:00,0.0,0.0,1.0,0.0,39
BBC," With 37 Facebook likes and the world's most convoluted chant, the CNCSC is a force to be reckoned with.‚Ä¶ ",2018-07-29 09:03:08+00:00,0.6908,0.232,0.702,0.067,40
BBC," An endangered red squirrel has died after becoming trapped inside a discarded plastic jar.
‚Ä¶ ",2018-07-29 08:01:07+00:00,-0.9052,0.11,0.419,0.472,41
BBC,"Two tiger brothers enjoy their first swimming lesson.  #InternationalTigerDay

",2018-07-29 07:01:03+00:00,0.4939,0.262,0.738,0.0,42
BBC,"Stand-up comedy from Stewart Lee, recorded live from the Palace Theatre, Southend-on-Sea. 

Stewart Lee Content Pro‚Ä¶ ",2018-07-28 20:45:06+00:00,0.3612,0.143,0.857,0.0,43
BBC,"RT @BBCOne: These seadragons are dancing together in a courtship ritual - and it's absolutely beautiful.

The complete series of Life is av‚Ä¶",2018-07-28 20:29:40+00:00,0.6361,0.173,0.827,0.0,44
BBC,The shocking story of a young man who shot his parents. ,2018-07-28 20:02:03+00:00,-0.4019,0.0,0.769,0.231,45
BBC,RT @BBCTwo: Ever wondered how toilets are made? We're going #InsideTheFactory...  ,2018-07-28 18:12:24+00:00,0.0,0.0,1.0,0.0,46
BBC, Genius ,2018-07-28 18:07:05+00:00,0.4404,0.392,0.412,0.196,47
BBC,"'Doesn't matter what's written on the packet, wet wipes do not disintegrate.'
#TheFiveBillionPoundSuperSewer ",2018-07-28 17:03:00+00:00,-0.0191,0.0,0.918,0.082,48
BBC,"Are you sure you don‚Äôt gender-stereotype children?
#NoMoreBoysAndGirls ",2018-07-28 16:03:06+00:00,0.3182,0.247,0.753,0.0,49
BBC,"RT @bbcideas: Gin and tonic, the perfect pair. So, how did they come together? ü§î

More Edible Histories : ",2018-07-28 15:31:04+00:00,0.5719,0.163,0.837,0.0,50
BBC,"RT @BBCSport: Geraint Thomas just needs to roll over the line in Paris tomorrow to win the 2018 Tour de France.

He'll become the first Wel‚Ä¶",2018-07-28 15:30:28+00:00,0.5859,0.132,0.868,0.0,51
BBC,"Branded and beaten: The children accused of witchcraft and murder.
 ",2018-07-28 15:04:06+00:00,-0.8658,0.0,0.531,0.469,52
BBC,‚ù§Ô∏è Heaven really is a place on Earth... ,2018-07-28 14:06:01+00:00,0.5106,0.355,0.645,0.0,53
BBC,ü•™ A brief history of the humble sarnie. ,2018-07-28 13:02:06+00:00,0.0,0.0,1.0,0.0,54
BBC,"RT @bbcgetinspired: ""You can rise again, it's not as though one thing happens to you and that's the end of your story."" 

After being hit b‚Ä¶",2018-07-28 12:02:40+00:00,0.0,0.0,1.0,0.0,55
BBC,RT @BBCScienceNews: Climate change made heatwave 'twice as likely' ,2018-07-28 12:02:08+00:00,0.0,0.0,1.0,0.0,56
BBC,"üß† 'Damaging your brain might not kill you, but can change your behaviour.'

Five fascinating facts about the human‚Ä¶ ",2018-07-28 11:03:04+00:00,0.7157,0.282,0.633,0.085,57
BBC,"RT @BBCWorld: Simply stunning!

The longest #BloodMoon eclipse of the 21st Century as seen around the world

",2018-07-28 10:46:22+00:00,0.4389,0.153,0.847,0.0,58
BBC,Need to clean your headphone socket? Check out this #TechHack. ,2018-07-28 10:05:04+00:00,0.4019,0.231,0.769,0.0,59
BBC," With classic and contemporary choices perfectly matched to destinations all over the world, here's your ultimate‚Ä¶ ",2018-07-28 09:03:03+00:00,0.6369,0.208,0.792,0.0,60
BBC, Namastay in bed! ,2018-07-28 08:02:06+00:00,0.0,0.0,1.0,0.0,61
BBC, Hearing dogs can save a life. ,2018-07-28 07:05:02+00:00,0.4939,0.348,0.652,0.0,62
BBC,A pair of beavers are being released into the Forest of Dean with the hope they'll help prevent flooding in the are‚Ä¶ ,2018-07-27 18:01:08+00:00,0.6908,0.271,0.729,0.0,63
BBC,RT @bbcpress: Stellar cast and creative team unveiled for @BBCOne adaptation of @PhilipPullman's #HisDarkMaterials: ,2018-07-27 17:47:28+00:00,0.4404,0.182,0.818,0.0,64
BBC, Too soon? ,2018-07-27 17:02:03+00:00,0.0,0.0,1.0,0.0,65
BBC,When your boss is looking for you but it's after 5pm...  #FridayFeeling ,2018-07-27 15:59:00+00:00,0.6486,0.249,0.751,0.0,66
BBC," Who's excited to see the #BloodMoon tonight? 
#LunarEclipse ",2018-07-27 15:16:01+00:00,0.34,0.231,0.769,0.0,67
BBC," How teenage perfumes smell to you - an actual adult.
 ",2018-07-27 13:01:03+00:00,0.0,0.0,1.0,0.0,68
BBC,"RT @BBCEarth: Just a seal getting a good tummy-rub from a diver, no biggie 

#OurBluePlanet with @Sealdiver ",2018-07-27 12:50:53+00:00,0.5719,0.255,0.649,0.095,69
BBC, This man wants people to stop pretending to have sex with his hedge. ,2018-07-27 12:24:44+00:00,-0.2023,0.084,0.783,0.133,70
BBC,RT @BBCClick: The @BBCProms projection show at the Royal Albert Hall had lights so strong that planes were told not to fly over it! ,2018-07-27 12:14:56+00:00,0.674,0.165,0.835,0.0,71
BBC,‚õ∑ This is one way to keep dogs cool in the heat! ,2018-07-27 12:00:18+00:00,0.3802,0.191,0.809,0.0,72
BBC," From 'the God particle' to our ability to observe gravitational waves, here are 7 extraordinary things science ha‚Ä¶ ",2018-07-27 11:02:04+00:00,0.5267,0.216,0.784,0.0,73
BBC," Skywatchers will be treated to the longest ""blood moon"" eclipse of the century tonight, with the totality period‚Ä¶ ",2018-07-27 09:51:01+00:00,0.0,0.0,1.0,0.0,74
BBC,RT @bbccomedy: British or American Stand-up? ü§î ,2018-07-27 09:38:09+00:00,0.0,0.0,1.0,0.0,75
BBC, A Scottish three year old's take on the summer holidays. ,2018-07-27 08:00:16+00:00,0.6705,0.332,0.57,0.098,76
BBC,‚ù§Ô∏è A teenager who attached uplifting messages to a bridge to help people facing a mental health crisis has helped‚Ä¶ ,2018-07-27 07:26:02+00:00,-0.34,0.124,0.688,0.188,77
BBC, @BoyGeorge discovers that in 1919 his grandmother was found wandering the streets alone as a 6 year old child.‚Ä¶ ,2018-07-27 07:01:03+00:00,-0.6249,0.0,0.769,0.231,78
BBC,"After being abused on dating apps for having HIV, Joe has turned to art to help combat the stigma. 
(via @BBCThree) ",2018-07-26 19:02:05+00:00,-0.4588,0.102,0.682,0.216,79
BBC,"Tonight, a team of inventors attempt to change the lives of three inspiring people with very different problems. ‚Ä¶ ",2018-07-26 18:02:07+00:00,-0.046,0.129,0.735,0.137,80
BBC,A dog called Minnie has been reunited with her owners two years after thieves stole a truck she was sleeping in. ‚Ä¶ ,2018-07-26 17:01:06+00:00,-0.5106,0.0,0.852,0.148,81
BBC,"RT @bbcpress: Late for the first game of @BBCMOTD, missed the first dance on #Strictly or tuned in halfway through #EastEnders? Pushing the‚Ä¶",2018-07-26 16:11:16+00:00,-0.296,0.0,0.909,0.091,82
BBC,"‚ô•Ô∏è Four-year-old Daniel and 91-year-old Stuart, who has dementia, have struck up an unlikely friendship.  ",2018-07-26 16:02:03+00:00,0.2263,0.162,0.726,0.112,83
BBC,RT @bbcweather: It is officially the hottest day of the year so far in the UK with temperatures soaring to 35C in west London. ,2018-07-26 15:40:44+00:00,0.0,0.0,1.0,0.0,84
BBC,"""I would like to do it all over again. There was a war on but otherwise it was absolutely wonderful."" ‚ù§Ô∏èÔ∏è

Remember‚Ä¶ ",2018-07-26 13:01:05+00:00,-0.1779,0.075,0.819,0.106,85
BBC," You don't want to get between two fighting kangaroos!
#LifeStory ",2018-07-26 12:02:06+00:00,-0.4614,0.0,0.749,0.251,86
BBC,"A record number of primary school children are leaving school severely obese, according to new figures from Public‚Ä¶ ",2018-07-26 11:00:16+00:00,-0.4019,0.067,0.777,0.155,87
BBC,"RT @BBCEngland: The last living female pilot from World War Two, Mary Ellis, has died aged 101 at her home on the Isle of Wight ",2018-07-26 08:45:35+00:00,-0.8176,0.0,0.754,0.246,88
BBC,"This school is tackling their single-use plastic problem one lunchbox at a time.
#PlasticsAction ",2018-07-26 08:00:00+00:00,-0.4019,0.0,0.816,0.184,89
BBC,We call violence an ‚Äòepidemic‚Äô ‚Äì and there is reason to take that literally... treating it like an infectious disea‚Ä¶ ,2018-07-26 07:28:06+00:00,-0.3818,0.106,0.72,0.174,90
BBC,"‚ô®Ô∏è Having trouble sleeping in this heatwave?
#HeatwaveUK ",2018-07-26 07:01:02+00:00,-0.4019,0.0,0.722,0.278,91
BBC,"Colin Firth stars in an award-winning adaptation of Jane Austen's classic romance. 

Pride and Prejudice |‚Ä¶ ",2018-07-25 19:02:00+00:00,0.4019,0.258,0.601,0.142,92
BBC,"From @rosskemp to @sirpatstew: these are the ultimate Extras celebrity cameos. 

",2018-07-25 18:02:05+00:00,0.4404,0.193,0.711,0.096,93
BBC,"Is this Africa‚Äôs most inventive neighbourhood? ü•ë

",2018-07-25 16:02:05+00:00,0.0,0.0,1.0,0.0,94
BBC,"Researchers have found evidence of an existing body of liquid water on Mars.
 ",2018-07-25 14:37:40+00:00,0.0,0.0,1.0,0.0,95
BBC,RT @BBCWthrWatchers: On Friday night you may see the moon turn red during a total lunar eclipse. Lasting 1 hr 40 mins it will be the longes‚Ä¶,2018-07-25 13:57:01+00:00,0.0,0.0,1.0,0.0,96
BBC," A jab that protects against a virus that causes cervical cancer will be given to boys aged 12 to 13 in England.
‚Ä¶ ",2018-07-25 13:02:05+00:00,-0.4767,0.086,0.749,0.165,97
BBC,"RT @bbcpress: ü§£ Want to write comedy? Want a six-month bursary to train and develop your skills at the BBC?
‚è∞ TIME IS RUNNING OUT! The dead‚Ä¶",2018-07-25 12:40:25+00:00,0.6759,0.24,0.696,0.064,98
BBC," These dolphins were rescued after getting stranded in shallow water in Tasmania. 

",2018-07-25 12:03:04+00:00,0.4215,0.189,0.811,0.0,99
BBC,"'I downloaded all my Facebook data and it was a nightmare'. ü§¶‚Äç‚ôÄÔ∏è

Have you ever wondered what your data actually l‚Ä¶ ",2018-07-25 11:02:03+00:00,0.0,0.0,1.0,0.0,100
CBS,"Housewives. PTA moms. School volunteers. Starting TONIGHT, hear the stories of seemingly innocent women who put it‚Ä¶ ",2018-07-28 16:43:56+00:00,0.34,0.13,0.87,0.0,1
CBS,"This is one allowance that can‚Äôt be beat! Kids are winning big this week on @PriceIsRight. 
 ",2018-07-25 17:25:36+00:00,0.75,0.285,0.715,0.0,2
CBS,"Renowned artists Cher, Philip Glass, Reba McEntire, Wayne Shorter, and the co-creators of #Hamilton will be recogni‚Ä¶ ",2018-07-25 15:12:31+00:00,0.0,0.0,1.0,0.0,3
CBS,Who's excited for the return of @MurphyBrownCBS? Here's a behind-the-scenes look at the first table read of the sea‚Ä¶ ,2018-07-25 01:05:03+00:00,0.34,0.124,0.876,0.0,4
CBS,"Mark your calendars because you won‚Äôt want to miss this! Former Secretaries of State @HillaryClinton, @Madeleine, a‚Ä¶ ",2018-07-24 18:54:14+00:00,-0.1511,0.071,0.825,0.104,5
CBS,The cast couldn‚Äôt be more excited to welcome @ansonmount into the @startrekcbs family! Who‚Äôs ready to see the iconi‚Ä¶ ,2018-07-23 21:30:33+00:00,0.8293,0.354,0.646,0.0,6
CBS,RT @startrekcbs: Stream the full panel &amp; learn all the exclusive details revealed about season 2 of #StarTrekDiscovery at @Comic_Con: ,2018-07-22 01:56:13+00:00,0.128,0.077,0.923,0.0,7
CBS,RT @MagnumPICBS: Couldn't make it to San Diego for the #MagnumPI panel? Here's everything you missed at #SDCC2018: ,2018-07-21 00:55:28+00:00,-0.296,0.0,0.885,0.115,8
CBS,RT @bigbangtheory: The #BigBangTheory writers teased a honeymoon episode and more @YoungSheldon characters in Season 12 while speaking at #‚Ä¶,2018-07-21 00:19:12+00:00,-0.296,0.0,0.891,0.109,9
CBS,"RT @TrueCrimeCBS: When you find out you‚Äôve been treated with chemo, but you don‚Äôt have cancer. #Whistleblower ",2018-07-21 00:10:00+00:00,-0.7964,0.0,0.724,0.276,10
CBS,George blew the whistle on a doctor targeting those who believed they had cancer. What was the outcome? Find out to‚Ä¶ ,2018-07-20 23:44:54+00:00,-0.6597,0.0,0.812,0.188,11
CBS,"RT @startrekcbs: Discover the next adventure of Starfleet in this first look at the season 2 premiere, coming early 2019. Season 1 is now s‚Ä¶",2018-07-20 22:29:36+00:00,0.3182,0.095,0.905,0.0,12
CBS,Take a trip down memory lane with the cast and crew of @MagnumPICBS at #SDCC2018! ,2018-07-20 21:39:09+00:00,0.0,0.0,1.0,0.0,13
CBS,"This @cbsallaccess series is unlike any fairy tale you've ever seen before. @paulwesley, @kevwilliamson &amp;‚Ä¶ ",2018-07-20 15:08:23+00:00,0.0,0.0,1.0,0.0,14
CBS,ü§∞‚Äç #WorldEmojiDay,2018-07-17 17:55:25+00:00,0.0,0.0,1.0,0.0,15
CBS,‚úîÔ∏è¬†#WorldEmojiDay,2018-07-17 17:22:29+00:00,0.0,0.0,1.0,0.0,16
CBS,‚Äç¬†#WorldEmojiDay,2018-07-17 17:22:29+00:00,0.0,0.0,1.0,0.0,17
CBS,Ô∏èÔ∏è‚Äç‚ôÄÔ∏è¬†#WorldEmojiDay,2018-07-17 17:22:29+00:00,0.0,0.0,1.0,0.0,18
CBS,‚öìÔ∏èü¶Ö¬†#WorldEmojiDay,2018-07-17 17:22:29+00:00,0.0,0.0,1.0,0.0,19
CBS,¬†#WorldEmojiDay,2018-07-17 17:22:29+00:00,0.0,0.0,1.0,0.0,20
CBS,¬†#WorldEmojiDay,2018-07-17 17:22:28+00:00,0.0,0.0,1.0,0.0,21
CBS,¬†#WorldEmojiDay,2018-07-17 17:22:28+00:00,0.0,0.0,1.0,0.0,22
CBS,‚òÑÔ∏è¬†#WorldEmojiDay,2018-07-17 17:22:28+00:00,0.0,0.0,1.0,0.0,23
CBS,¬†#WorldEmojiDay,2018-07-17 17:22:28+00:00,0.0,0.0,1.0,0.0,24
CBS,¬†#WorldEmojiDay,2018-07-17 17:22:28+00:00,0.0,0.0,1.0,0.0,25
CBS,ü§ù¬†#WorldEmojiDay,2018-07-17 17:22:28+00:00,0.0,0.0,1.0,0.0,26
CBS,¬†#WorldEmojiDay,2018-07-17 17:22:27+00:00,0.0,0.0,1.0,0.0,27
CBS,¬†#WorldEmojiDay,2018-07-17 17:22:27+00:00,0.0,0.0,1.0,0.0,28
CBS,‚öñÔ∏è¬†#WorldEmojiDay,2018-07-17 17:22:27+00:00,0.0,0.0,1.0,0.0,29
CBS,¬†#WorldEmojiDay,2018-07-17 17:22:27+00:00,0.0,0.0,1.0,0.0,30
CBS,¬†#WorldEmojiDay,2018-07-17 17:22:27+00:00,0.0,0.0,1.0,0.0,31
CBS,¬†#WorldEmojiDay,2018-07-17 17:22:26+00:00,0.0,0.0,1.0,0.0,32
CBS,Celebrate #WorldEmojiDay with a fun game! Use the emoji sequences below to guess the CBS show.  Tweet your respons‚Ä¶ ,2018-07-17 17:22:26+00:00,0.807,0.267,0.733,0.0,33
CBS,"Stand up. Speak up. Blow the whistle. 

Don't miss the premiere of the @TrueCrimeCBS series #Whistleblower tonight‚Ä¶ ",2018-07-13 21:35:01+00:00,0.1139,0.083,0.917,0.0,34
CBS,"RT @TheNeighborhood: There's a new family on the block, and they're about to turn this neighborhood upside down. @CedEntertainer and @Tichi‚Ä¶",2018-07-13 21:15:41+00:00,-0.4404,0.0,0.868,0.132,35
CBS,Take a walk down @YandR_CBS memory lane with stars @JessWaltonYR and Peter Bergman! You can watch full episodes of‚Ä¶ ,2018-07-13 17:49:38+00:00,0.0,0.0,1.0,0.0,36
CBS,RT @TKOCBS: Prepare to have some major FUN. #TKO starts NOW! ,2018-07-12 01:01:24+00:00,0.6514,0.302,0.698,0.0,37
CBS,"It‚Äôs fun, different, unique, and finally here! @TKOCBS hosted by @KevinHart4real premieres at 9/8c on CBS and‚Ä¶ ",2018-07-11 21:44:45+00:00,0.5562,0.183,0.817,0.0,38
CBS,"RT @MagnumPICBS: Talk about hands-on research! #MagnumPI's cast had the honor of joining the US Navy Submarine Force, US Pacific Fleet #Sub‚Ä¶",2018-07-11 19:09:34+00:00,0.5411,0.143,0.857,0.0,39
CBS,Time to mark your calendars! CBS' fall 2018 premiere lineup has been announced: ,2018-07-09 23:55:07+00:00,0.0,0.0,1.0,0.0,40
CBS,"RT @TKOCBS: The Ball Buster, the Frisboom, the Spike Launcher, and the Slammer‚Ä¶ Get to know all of the #TKO Battle Stations: ",2018-07-09 18:53:34+00:00,-0.3818,0.0,0.89,0.11,41
CBS,"RT @cbsallaccess: How much does it cost to bury the truth? #OneDollar premieres August 30, exclusively on CBS All Access. ",2018-07-09 18:09:00+00:00,0.3182,0.108,0.892,0.0,42
CBS,"RT @SalvationCBS: Mark your calendars, #Salvies: Monday's new #SalvationCBS will air at a special time, 10/9c. ",2018-07-06 22:22:55+00:00,0.4019,0.162,0.838,0.0,43
CBS,Happy #InternationalKissingDay! See which stars we caught locking lips on the CBS Kiss Cam.  ,2018-07-06 18:26:37+00:00,0.8622,0.407,0.593,0.0,44
CBS,Have you heard? Tonight's the first Live Show of #BB20. Grab a seat and get ready to watch the action unfold on CBS‚Ä¶ ,2018-07-05 21:12:17+00:00,0.3612,0.106,0.894,0.0,45
CBS,"How much does it cost to bury the truth? #OneDollar premieres Thursday, August 30, exclusively on CBS All Access.‚Ä¶ ",2018-07-02 21:13:11+00:00,0.3182,0.113,0.887,0.0,46
CBS,Take a first look at our @Comic_Con lineup along with details of what you can expect to see:‚Ä¶ ,2018-07-02 20:47:32+00:00,0.0,0.0,1.0,0.0,47
CBS,RT @TrueCrimeCBS: Two new true-crime series are set to premiere this July on CBS! Learn more about #Whistleblower and #PinkCollarCrimes bef‚Ä¶,2018-07-02 17:27:06+00:00,0.0,0.0,1.0,0.0,48
CBS,"If at first you don‚Äôt succeed on @PriceIsRight‚Ä¶bid, bid again! ",2018-07-02 17:00:02+00:00,0.5411,0.28,0.72,0.0,49
CBS,What‚Äôs summer without @CBSBigBrother? ‚òÄÔ∏è RT if you‚Äôre counting down the hours to the #BB20 premiere TONIGHT at 8/7c‚Ä¶ ,2018-06-27 20:31:32+00:00,0.0,0.0,1.0,0.0,50
CBS,"It looks like you...

(‚Ä¢_‚Ä¢)
( ‚Ä¢_‚Ä¢)&gt;‚åê‚ñ†-‚ñ†
(‚åê‚ñ†_‚ñ†)

Have a lot of TV to watch!

Celebrate #NationalSunglassesDay with H‚Ä¶ ",2018-06-27 14:00:01+00:00,0.7574,0.302,0.698,0.0,51
CBS,The world will finally know the truth. ‚òÑÔ∏è Make sure to tune in to the heart-pounding Season 2 premiere of‚Ä¶ ,2018-06-25 18:20:25+00:00,0.5574,0.213,0.787,0.0,52
CBS,Tonight's the night! Don't miss model @ashleygraham on the season finale of Celebrity @undercover_cbs at 8/7c. ,2018-06-22 21:19:06+00:00,0.1867,0.104,0.896,0.0,53
CBS,"Every day is #TakeYourDogToWorkDay for shows like @HawaiiFive0CBS, @MomCBS, @SEALTeamCBS, and @bigbangtheory! ",2018-06-22 18:33:53+00:00,0.4199,0.202,0.798,0.0,54
CBS,"Lights, camera, selfie! ¬†Could there be a better photo for #NationalSelfieDay? ",2018-06-21 23:29:50+00:00,0.4926,0.21,0.79,0.0,55
CBS,There‚Äôs nothing quite like watching a contestant win a brand new car on @PriceIsRight.   ,2018-06-20 00:39:01+00:00,0.3555,0.21,0.662,0.128,56
CBS,Time to make your predictions for #BB20!  Get to know the @CBSBigBrother Houseguests before the big premiere next‚Ä¶ ,2018-06-18 20:27:50+00:00,0.0,0.0,1.0,0.0,57
CBS,RT @CBSBigBrother: Meet the cast of #BB20... before anyone else! Start streaming all their live interviews beginning at 11am EST/8am PST on‚Ä¶,2018-06-18 15:00:46+00:00,0.0,0.0,1.0,0.0,58
CBS,"Today and every day we celebrate their love, guidance, and support. Happy #FathersDay to every kind of dad! ",2018-06-17 13:00:01+00:00,0.9392,0.51,0.49,0.0,59
CBS,"Casting Alert! @paulwesley, @DaniaJRamirez &amp; @JamesWolk are set to star in the upcoming CBS All Access psychologica‚Ä¶ ",2018-06-15 18:48:29+00:00,0.3595,0.135,0.865,0.0,60
CBS,"In case you missed it, watch the entire #TonyAwards now: ",2018-06-14 17:30:00+00:00,-0.296,0.0,0.804,0.196,61
CBS,RT @StrangeAngel: Mastermind or maniac? Explore the brilliant mind of Jack Parsons in #StrangeAngel. Now streaming on CBS All Access: ,2018-06-14 16:19:32+00:00,0.1779,0.153,0.723,0.124,62
CBS,"No pain, no gain, ALL Hart! Just one month until the premiere of @TKOCBS hosted by @KevinHart4real. ",2018-06-12 00:19:23+00:00,-0.5562,0.139,0.533,0.328,63
CBS,"RT @TheNeighborhood: Welcome to #TheNeighborhood, @BethBehrs! The @2BrokeGirls star returns to @CBS in a new sitcom alongside @CedEntertain‚Ä¶",2018-06-11 22:23:06+00:00,0.5093,0.171,0.829,0.0,64
CBS,"In case you missed it, watch the entire #TonyAwards now: ",2018-06-11 19:01:38+00:00,-0.296,0.0,0.804,0.196,65
CBS,How do you know @SaraBareilles and @joshgroban's music? #TonyAwards ,2018-06-11 14:00:37+00:00,0.0,0.0,1.0,0.0,66
CBS,Here are all the performances from the 2018 #TonyAwards: ,2018-06-11 06:19:36+00:00,0.0,0.0,1.0,0.0,67
CBS,See the complete list of winners from the 2018 #TonyAwards: ,2018-06-11 06:04:41+00:00,0.4767,0.256,0.744,0.0,68
CBS,An end to a magical evening. The Band's Visit wins for Best Musical! #TonyAwards ,2018-06-11 03:10:33+00:00,0.8478,0.427,0.573,0.0,69
CBS,Congratulations are in order for @TheKatrinaLenk! She just won for Best Leading Actress in a Musical. #TonyAwards ,2018-06-11 03:02:06+00:00,0.92,0.482,0.518,0.0,70
CBS,"RT @CBSThisMorning: Hmm... something seems off here @SaraBareilles @JoshGroban. 

@WaitressMusical @GreatCometBway #TonyAwards ",2018-06-11 02:58:30+00:00,0.4404,0.184,0.725,0.092,71
CBS,RT @_stobin13: watching the #TonyAwards after going to 3 broadway shows this weekend makes it even better ü§©,2018-06-11 02:56:40+00:00,0.4404,0.153,0.847,0.0,72
CBS,Tony Shalhoub wins Best Leading Actor in a Musical. #TonyAwards   #TheBandsVisit ,2018-06-11 02:56:10+00:00,0.836,0.497,0.503,0.0,73
CBS,The Boss looks right at home on the #TonyAwards stage! ,2018-06-11 02:53:00+00:00,0.0,0.0,1.0,0.0,74
CBS,RT @Aatamianphoto: Springsteen is on the #TonyAwards and I love it.,2018-06-11 02:47:29+00:00,0.6369,0.318,0.682,0.0,75
CBS,Inspiration: Get to your YES! #OnceOnThisIsland #TonyAwards ,2018-06-11 02:44:50+00:00,0.7978,0.588,0.412,0.0,76
CBS,The feeling when you win a Tony. ¬†Congratulations to Once on This Island for winning Best Revival of a Musical!‚Ä¶ ,2018-06-11 02:44:37+00:00,0.9523,0.533,0.467,0.0,77
CBS,What a beautiful performance by the cast of #TheBandsVisit. #TonyAwards ,2018-06-11 02:33:09+00:00,0.5994,0.328,0.672,0.0,78
CBS,"""I'm a living example of how theatre can change you - and it didn't just change me, it saved me."" @JohnLeguizamo at‚Ä¶ ",2018-06-11 02:29:18+00:00,0.4215,0.128,0.872,0.0,79
CBS,Angels in America takes the win for Best Revival of a Play! #TonyAwards ,2018-06-11 02:23:56+00:00,0.8932,0.543,0.457,0.0,80
CBS,"RT @leahableson: The Once On This Island Goat And Chicken made it to the broadcast, Mama WILL provide #TonyAwards",2018-06-11 02:21:03+00:00,0.0,0.0,1.0,0.0,81
CBS,That performance was the GOAT. #TonyAwards ,2018-06-11 02:16:06+00:00,0.0,0.0,1.0,0.0,82
CBS,Harry Potter and the Cursed Child wins Best Play at the #TonyAwards! @HPPlayNYC ,2018-06-11 02:11:03+00:00,0.8908,0.514,0.486,0.0,83
CBS, ‚ÄúLet's dance this last dance tonight.‚Äù  #TonyAwards #DonnaSummerMusical ,2018-06-11 02:05:47+00:00,0.0,0.0,1.0,0.0,84
CBS,Hope he brought enough birthday cake for everyone! #TonyAwards ,2018-06-11 02:03:31+00:00,0.4926,0.285,0.715,0.0,85
CBS,@writerlindsayb You're welcome! #TonyAwards,2018-06-11 01:58:48+00:00,0.5093,0.523,0.477,0.0,86
CBS,RT @hjmayer8: I sure do love @DearEvanHansen  #TonyAwards,2018-06-11 01:53:17+00:00,0.7579,0.481,0.519,0.0,87
CBS,"RT @Valerie4815: What a birthday present, the Tony audience singing happy birthday to you!! #TonyAwards",2018-06-11 01:51:16+00:00,0.6467,0.248,0.752,0.0,88
CBS,If only this performance could go on forever. #TonyAwards @FrozenBroadway ,2018-06-11 01:38:23+00:00,0.0,0.0,1.0,0.0,89
CBS,RT @anna_villanueva: Magnificent performance from the cast of @FrozenBroadway! #TonyAwards2018 #TonyAwards #Tonys,2018-06-11 01:37:36+00:00,0.636,0.276,0.724,0.0,90
CBS,Glenda Jackson wins Best Leading Actress in a Play. #TonyAwards @threetallwomen ,2018-06-11 01:30:56+00:00,0.8834,0.595,0.405,0.0,91
CBS,.@SaraBareilles is totally a Gryffindor. #TonyAwards ,2018-06-11 01:29:21+00:00,0.0,0.0,1.0,0.0,92
CBS,RT @IzzyNY202: How impressive are these Marjory Stoneman Douglas students? That #TonyAwards performance reduced me to tears. Amazing.,2018-06-11 01:26:03+00:00,0.7351,0.296,0.625,0.079,93
CBS,RT @KatLargent: MAGIC #TonyAwards,2018-06-11 01:25:59+00:00,0.0,0.0,1.0,0.0,94
CBS,Such a touching moment at the #TonyAwards. ‚ù§Ô∏è ,2018-06-11 01:24:46+00:00,0.0,0.0,1.0,0.0,95
CBS,.@Matt_Morrison welcomes the Marjory Stoneman Douglas High School theatre department to the stage. #TonyAwards ,2018-06-11 01:24:12+00:00,0.4019,0.172,0.828,0.0,96
CBS,So many feels at the #TonyAwards. Congratulations to @arielstachel for winning Best Featured Actor in a Musical!‚Ä¶ ,2018-06-11 01:19:59+00:00,0.9151,0.476,0.524,0.0,97
CBS,RT @McBenefit: I love everything about you @UzoAduba. #TonyAwards,2018-06-11 01:12:31+00:00,0.6369,0.375,0.625,0.0,98
CBS,RT if that musical number by the cast of Carousel blew you away! #TonyAwards ,2018-06-11 01:08:28+00:00,0.1511,0.109,0.891,0.0,99
CBS,Nathan Lane saw his #AngelsinAmerica role as a challenge. How will you challenge yourself in 2018? #TonyAwards ,2018-06-11 01:08:24+00:00,0.1531,0.157,0.843,0.0,100
CNN,A man cheated with someone else's wife and now it'll cost him $8.8 million ,2018-07-31 17:50:39+00:00,-0.5106,0.0,0.784,0.216,1
CNN,Americans invested a lot more money overseas in 2017. Especially in Switzerland. ,2018-07-31 17:38:07+00:00,0.0,0.0,1.0,0.0,2
CNN,Judge orders government to stop drugging detained migrant children without consent at Texas facility ,2018-07-31 17:25:15+00:00,-0.6774,0.0,0.626,0.374,3
CNN,"John Kelly, at President Trump's request, agrees to stay on as White House chief of staff until 2020‚Ä¶ ",2018-07-31 17:11:52+00:00,0.2023,0.096,0.904,0.0,4
CNN,"Facebook says it has removed a network of accounts and pages involved in what it called ""coordinated inauthentic be‚Ä¶ ",2018-07-31 17:00:10+00:00,0.0,0.0,1.0,0.0,5
CNN,"Customers got sick at a Chipotle in Ohio, and the stock is down 6% ",2018-07-31 16:48:36+00:00,-0.5106,0.0,0.784,0.216,6
CNN,Missouri's attorney general has opened a criminal investigation in deadly duck boat accident ,2018-07-31 16:36:37+00:00,-0.7579,0.0,0.606,0.394,7
CNN,How a small change in tax policy could mean a big tax cut for the rich ,2018-07-31 16:22:54+00:00,0.3612,0.203,0.678,0.119,8
CNN,"Demi Lovato is experiencing ""complications"" and remains hospitalized following her apparent drug overdose, two sour‚Ä¶ ",2018-07-31 16:08:26+00:00,0.0,0.0,1.0,0.0,9
CNN,Former White House aide predicts a showdown over border wall in December ,2018-07-31 15:55:54+00:00,0.0,0.0,1.0,0.0,10
CNN,MoviePass is raising its price and cutting access to blockbusters ,2018-07-31 15:43:02+00:00,-0.128,0.0,0.857,0.143,11
CNN,Al Franken hasn't ruled out another run for office ,2018-07-31 15:30:36+00:00,0.0,0.0,1.0,0.0,12
CNN,France has banned smartphones from schools ,2018-07-31 15:20:24+00:00,-0.4588,0.0,0.625,0.375,13
CNN,Trump administration officials face Congress on family reunification efforts ,2018-07-31 15:10:12+00:00,0.0,0.0,1.0,0.0,14
CNN,Police are investigating a South Korean company that claimed to have discovered a sunken Russian warship with $8.9‚Ä¶ ,2018-07-31 15:03:06+00:00,-0.1779,0.0,0.898,0.102,15
CNN,The trial of former Trump campaign chairman Paul Manafort begins today with jury selection ,2018-07-31 14:56:00+00:00,0.0,0.0,1.0,0.0,16
CNN,"Scientists have discovered a rare dolphin-whale hybrid off the coast of Kauai, Hawaii ",2018-07-31 14:45:33+00:00,0.0,0.0,1.0,0.0,17
CNN,The secret Donald Trump and Rudy Giuliani know about the Russia probe | Analysis by Chris Cillizza‚Ä¶ ,2018-07-31 14:39:18+00:00,0.0,0.0,1.0,0.0,18
CNN,"A Florida woman says ambulance workers wouldn't take her daughter to the hospital, assuming the family couldn't aff‚Ä¶ ",2018-07-31 14:33:12+00:00,0.0,0.0,1.0,0.0,19
CNN,"LeBron James says he thinks the President is using athletics, and athletes, to divide the country -- and that's som‚Ä¶ ",2018-07-31 14:26:29+00:00,0.0,0.0,1.0,0.0,20
CNN,"The company that just unveiled a $2 million electric car makes one for $11,000, too ",2018-07-31 14:01:48+00:00,0.0,0.0,1.0,0.0,21
CNN,How President Trump's abortion gag rule policy impacts the global AIDS crisis ,2018-07-31 13:48:38+00:00,-0.7579,0.0,0.606,0.394,22
CNN,"Demi Lovato is experiencing ""complications"" and remains hospitalized following her apparent drug overdose, two sour‚Ä¶ ",2018-07-31 13:36:36+00:00,0.0,0.0,1.0,0.0,23
CNN,Airport security might be about to get a lot easier ,2018-07-31 13:27:42+00:00,0.6369,0.426,0.574,0.0,24
CNN,Alan Alda reveals he has Parkinson's disease ,2018-07-31 13:16:04+00:00,0.0,0.0,1.0,0.0,25
CNN,"President Trump says 3-D printed guns being available to download ""doesn't seem to make much sense""‚Ä¶ ",2018-07-31 13:04:06+00:00,0.0,0.0,1.0,0.0,26
CNN,Track the latest developments in the trials of former Trump campaign chairman Paul Manafort ,2018-07-31 12:55:27+00:00,0.0,0.0,1.0,0.0,27
CNN,"President Trump repeats Rudy Giuliani defense that ""collusion is not a crime,"" even though he continues to deny any‚Ä¶ ",2018-07-31 12:43:03+00:00,-0.2263,0.075,0.804,0.121,28
CNN,France has banned smartphones from schools ,2018-07-31 12:30:30+00:00,-0.4588,0.0,0.625,0.375,29
CNN,The biggest test of special counsel Robert Mueller's investigation into Russian interference in the 2016 presidenti‚Ä¶ ,2018-07-31 12:19:39+00:00,0.4019,0.153,0.847,0.0,30
CNN,"President Trump says Koch brothers are a ""total joke"" ",2018-07-31 12:08:54+00:00,0.296,0.239,0.761,0.0,31
CNN,"More than 600 stranded hikers have been successfully rescued from Mount Rinjani on Indonesia's Lombok Island, two d‚Ä¶ ",2018-07-31 11:57:56+00:00,0.7184,0.273,0.727,0.0,32
CNN,"This $8.2 million mansion and its four acres of land could be yours for just $17. Of course, there's a catch: You'l‚Ä¶ ",2018-07-31 11:50:19+00:00,0.0,0.0,1.0,0.0,33
CNN,"Scientists have discovered a rare dolphin-whale hybrid off the coast of Kauai, Hawaii ",2018-07-31 11:42:37+00:00,0.0,0.0,1.0,0.0,34
CNN,"LeBron James says he thinks the President is using athletics, and athletes, to divide the country -- and that's som‚Ä¶ ",2018-07-31 11:34:53+00:00,0.0,0.0,1.0,0.0,35
CNN,Apple is within striking distance of a trillion dollar market value ,2018-07-31 11:27:19+00:00,0.34,0.211,0.789,0.0,36
CNN,Rare two-day protest over China vaccine scandal reveals public anger ,2018-07-31 11:18:42+00:00,-0.8225,0.0,0.449,0.551,37
CNN,The final hikers have been rescued from an Indonesian volcano after Sunday's devastating earthquake‚Ä¶ ,2018-07-31 11:10:46+00:00,-0.3612,0.147,0.628,0.225,38
CNN,"Zaatari Refugee Camp is no longer the desolate, foreboding place it once was. Residents have transformed it into a‚Ä¶ ",2018-07-31 11:04:43+00:00,-0.296,0.0,0.891,0.109,39
CNN,Two conservative Republican governors are strengthening Obamacare in their states ,2018-07-31 10:54:07+00:00,0.4939,0.262,0.738,0.0,40
CNN,The newest trend in modeling? Not being an actual human being ,2018-07-31 10:48:00+00:00,0.0,0.0,1.0,0.0,41
CNN,Airport security might be about to get a lot easier ,2018-07-31 10:46:39+00:00,0.6369,0.426,0.574,0.0,42
CNN,"Sexual abuse of vulnerable women and girls by international aid workers is ""endemic"" and has been happening for yea‚Ä¶ ",2018-07-31 10:39:08+00:00,-0.7269,0.0,0.736,0.264,43
CNN,"The deadly Carr fire raging in Northern California has claimed six lives and destroyed almost 1,000 structures. Her‚Ä¶ ",2018-07-31 10:31:42+00:00,-0.8402,0.0,0.625,0.375,44
CNN,"A Florida woman says ambulance workers wouldn't take her daughter to the hospital, assuming the family couldn't aff‚Ä¶ ",2018-07-31 10:24:26+00:00,0.0,0.0,1.0,0.0,45
CNN,Disneyland was a bit different in 1969 ,2018-07-31 10:16:57+00:00,0.0,0.0,1.0,0.0,46
CNN,A 7-year-old girl got New Zealand to change a sexist road sign ,2018-07-31 10:09:47+00:00,0.0,0.0,1.0,0.0,47
CNN,"The number of homicides in Mexico last year was higher than previously reported, according to new data ",2018-07-31 10:02:34+00:00,0.0772,0.075,0.925,0.0,48
CNN,The world's largest colony of king penguins has shrunk by almost 90% in the last three decades‚Ä¶ ,2018-07-31 09:55:19+00:00,0.0,0.0,1.0,0.0,49
CNN,This is a dolphin-whale hybrid. It's real. And the first one ever found has been discovered near Hawaii‚Ä¶ ,2018-07-31 09:48:14+00:00,0.0,0.0,1.0,0.0,50
CNN,How Mormon pop stars are using their music to support LGBT issues ,2018-07-31 09:36:43+00:00,0.4019,0.197,0.803,0.0,51
CNN,RT @cnni: The Manchester suicide bomber who killed 22 people at a pop concert in 2017 had been rescued from the civil war in Libya by Brita‚Ä¶,2018-07-31 09:34:13+00:00,-0.9022,0.074,0.584,0.342,52
CNN,Lending a helping hand: 2-year-old Gracie gives out burritos to firefighters working on the Carr Fire in California‚Ä¶ ,2018-07-31 09:32:00+00:00,0.4588,0.248,0.642,0.11,53
CNN,"More than 1,000 people have already downloaded plans to 3-D print an AR-15-style semiautomatic assault rifle‚Ä¶ ",2018-07-31 09:24:56+00:00,-0.5859,0.0,0.798,0.202,54
CNN,The head of Malaysia's civil aviation authority has resigned over MH370 failures ,2018-07-31 09:13:32+00:00,-0.5719,0.085,0.588,0.327,55
CNN,A shark was kidnapped from her tank at the San Antonio Aquarium on Saturday -- setting off a desperate hunt to get‚Ä¶ ,2018-07-31 09:09:00+00:00,-0.3182,0.0,0.892,0.108,56
CNN,From free uniforms and transportation to college tuition guaranteed for all graduates. LeBron James takes CNN's Don‚Ä¶ ,2018-07-31 08:52:18+00:00,0.5106,0.171,0.829,0.0,57
CNN,"10 people have been killed and more than 100,000 have been forced to flee their homes after days of heavy monsoon r‚Ä¶ ",2018-07-31 07:41:45+00:00,-0.8176,0.0,0.727,0.273,58
CNN,At least 10 people were killed when militants linked to the Abu Sayyaf terror group struck a military checkpoint wi‚Ä¶ ,2018-07-31 06:54:02+00:00,-0.872,0.0,0.618,0.382,59
CNN,"Apple's next big iPhone launch is likely still nearly two months away, but investors will be looking for early sign‚Ä¶ ",2018-07-31 06:36:05+00:00,0.0,0.0,1.0,0.0,60
CNN,"Scientists have discovered a rare dolphin-whale hybrid off the coast of Kauai, Hawaii ",2018-07-31 06:28:01+00:00,0.0,0.0,1.0,0.0,61
CNN,Hillary Clinton steps up her involvement in the 2018 midterms ,2018-07-31 06:22:07+00:00,0.0,0.0,1.0,0.0,62
CNN,A California federal court judge has ordered the US government to make immediate changes to how it treats undocumen‚Ä¶ ,2018-07-31 06:17:01+00:00,0.0,0.0,1.0,0.0,63
CNN,"LeBron James says he thinks the President is using athletics, and athletes, to divide the country -- and that's som‚Ä¶ ",2018-07-31 06:16:09+00:00,0.0,0.0,1.0,0.0,64
CNN,"Former President Barack Obama and former Vice President Joe Biden surprised a Washington, DC, bakery when they stop‚Ä¶ ",2018-07-31 06:16:00+00:00,0.2263,0.106,0.894,0.0,65
CNN,"New indicators, including satellite images, show that North Korea could be in the midst of building new missiles, t‚Ä¶ ",2018-07-31 06:09:06+00:00,0.0,0.0,1.0,0.0,66
CNN,A shark was kidnapped from her tank at the San Antonio Aquarium on Saturday -- setting off a desperate hunt to get‚Ä¶ ,2018-07-31 06:07:35+00:00,-0.3182,0.0,0.892,0.108,67
CNN,"This $8.2 million mansion and its four acres of land could be yours for just $17. Of course, there's a catch: You'l‚Ä¶ ",2018-07-31 06:01:04+00:00,0.0,0.0,1.0,0.0,68
CNN,"President Trump may be looking for a fight over the border wall ahead of the midterm election, but Senate Republica‚Ä¶ ",2018-07-31 05:55:08+00:00,-0.2023,0.0,0.909,0.091,69
CNN,"""No! No eat!"" screams your 2-year-old.

Relax. Don't pressure your picky eater -- it doesn't work, and your toddler‚Ä¶ ",2018-07-31 05:49:05+00:00,0.2434,0.217,0.606,0.178,70
CNN,"You can live like a king aboard the Maharaja's Express, a hotel-on-wheels that is one of the most luxurious trains‚Ä¶ ",2018-07-31 05:46:00+00:00,0.3818,0.184,0.816,0.0,71
CNN,"""People will be able to make anything from novelty guns to AR-15s"" with 3D printers as of August 1, Alyssa Milano w‚Ä¶ ",2018-07-31 05:41:02+00:00,0.0,0.0,1.0,0.0,72
CNN,"President Trump's willingness to meet with Iran is diplomatic over-confidence, a Democratic lawmaker says‚Ä¶ ",2018-07-31 05:35:03+00:00,0.2732,0.149,0.851,0.0,73
CNN,"A homeless man has been overwhelmed by more than 200 job offers after standing on a street corner in Mountain View,‚Ä¶ ",2018-07-31 05:28:03+00:00,0.0516,0.062,0.938,0.0,74
CNN,Bob Woodward will release a book about the Trump administration ‚Äî called ‚ÄúFear‚Äù ‚Äî just weeks before the midterms‚Ä¶ ,2018-07-31 05:22:04+00:00,0.0,0.0,1.0,0.0,75
CNN,"""Can you imagine a life without ""Jeopardy!""?
""Sure.""

Iconic game-show host Alex Trebek told TMZ he is considering‚Ä¶ ",2018-07-31 05:16:00+00:00,0.0,0.0,1.0,0.0,76
CNN,Two Minneapolis police officers who fatally shot an armed suspect after a foot chase last month will not face crimi‚Ä¶ ,2018-07-31 05:13:04+00:00,-0.7506,0.0,0.726,0.274,77
CNN,Passengers might be allowed to keep liquids and laptops in their carry-on bags at airport security checkpoints in t‚Ä¶ ,2018-07-31 05:04:05+00:00,0.34,0.118,0.882,0.0,78
CNN,Authorities in the northeast border state of Assam have left the names of almost 4 million people off the controver‚Ä¶ ,2018-07-31 05:01:56+00:00,0.0,0.0,1.0,0.0,79
CNN,"In one of the more bizarre episodes of the midterm elections this year, the race for Virginia's 5th Congressional D‚Ä¶ ",2018-07-31 04:56:06+00:00,-0.3804,0.0,0.88,0.12,80
CNN,"The ""Guardians of the Galaxy"" cast has issued an open letter in support of ousted director James Gunn‚Ä¶ ",2018-07-31 04:54:04+00:00,0.4019,0.137,0.863,0.0,81
CNN,"""We are deeply concerned women are being harmed"": Devices that promise vaginal ""rejuvenation"" to women with urinary‚Ä¶ ",2018-07-31 04:48:07+00:00,0.3182,0.126,0.874,0.0,82
CNN,"When brands like Dunkin' Donuts and Taco Bell want to boost publicity and sales, they sometimes debut crazy culinar‚Ä¶ ",2018-07-31 04:46:00+00:00,0.4767,0.272,0.628,0.1,83
CNN,"President Trump says he'd meet with Iran, without preconditions, ""whenever they want"" ",2018-07-31 04:41:07+00:00,0.0772,0.106,0.894,0.0,84
CNN,Nigeria recalls 2.4 million bottles of cough syrup containing codeine to fight abuse ,2018-07-31 04:35:07+00:00,-0.7783,0.0,0.618,0.382,85
CNN,"Kids are spending more time staring at screens, but there's little scientific research about how it affects their h‚Ä¶ ",2018-07-31 04:29:06+00:00,0.0,0.0,1.0,0.0,86
CNN,Dunkin' Donuts introduces its first-ever gluten-free bakery item: a fudge brownie ,2018-07-31 04:23:06+00:00,0.0,0.0,1.0,0.0,87
CNN,"For the first time ever, Barbie is wearing a hijab. The new doll is modeled after Olympic fencer Ibtihaj Muhammad a‚Ä¶ ",2018-07-31 04:16:00+00:00,0.0,0.0,1.0,0.0,88
CNN,Scientists are proposing genetically engineering the white-footed mice of Martha's Vineyard and Nantucket to rid th‚Ä¶ ,2018-07-31 04:15:10+00:00,0.0,0.0,1.0,0.0,89
CNN,Mark Hamill pays tribute to Carrie Fisher ahead of final 'Star Wars' appearance ,2018-07-31 04:06:07+00:00,-0.5574,0.0,0.769,0.231,90
CNN,President Donald Trump's re-election campaign has denied it is using Chinese manufacturers to produce campaign flag‚Ä¶ ,2018-07-31 04:01:06+00:00,-0.4404,0.0,0.838,0.162,91
CNN,'Rest in Power: The Trayvon Martin Story' leads a wave of new documentaries about racial justice‚Ä¶ ,2018-07-31 03:57:03+00:00,0.0,0.0,1.0,0.0,92
CNN,Man spoke with his wife in the moments before she and 2 great-grandkids died in California's Carr Fire‚Ä¶ ,2018-07-31 03:54:05+00:00,-0.5574,0.0,0.816,0.184,93
CNN,Australian Archbishop Philip Wilson resigns after sex abuse coverup ,2018-07-31 03:50:08+00:00,-0.7579,0.0,0.519,0.481,94
CNN,"All aboard the Maharajas' Express, India's most luxurious train: ",2018-07-31 03:50:00+00:00,0.0258,0.121,0.879,0.0,95
CNN,More than 4 million people have been excluded from Indian citizenship in a controversial registry‚Ä¶ ,2018-07-31 03:46:10+00:00,-0.4939,0.0,0.724,0.276,96
CNN,Scientists are proposing the radical evolutionary step of genetically engineering mice to get rid of Lyme disease‚Ä¶ ,2018-07-31 03:42:04+00:00,0.0,0.0,1.0,0.0,97
CNN,The UK Foreign Secretary accidentally called his Chinese wife Japanese. In Beijing. ,2018-07-31 03:39:03+00:00,-0.34,0.0,0.821,0.179,98
CNN," RECALL ALERT: 
A Chinese company is recalling tainted heart medicine from stores worldwide after it was found to‚Ä¶ ",2018-07-31 03:34:01+00:00,0.4466,0.134,0.866,0.0,99
CNN,RT @CNNTonight: From free uniforms and transportation to college tuition guaranteed for all graduates. LeBron James takes @DonLemon on an e‚Ä¶,2018-07-31 03:29:36+00:00,0.5106,0.142,0.858,0.0,100
FoxNews,".@DarrellIssa: ""The president has to meet with a decision-maker, with somebody who is really empowered to make a de‚Ä¶ ",2018-07-31 17:33:43+00:00,0.0,0.0,1.0,0.0,1
FoxNews,.@DallasCowboys owner Jerry Jones ordered by @NFL to not answer questions on national anthem ,2018-07-31 17:30:39+00:00,0.0,0.0,1.0,0.0,2
FoxNews,Photo of the Day: A crowd of early-risers gather near the summit of Cadillac Mountain in @AcadiaNPS to be among the‚Ä¶ ,2018-07-31 17:16:36+00:00,0.0,0.0,1.0,0.0,3
FoxNews,"During an appearance on ‚ÄúJimmy Kimmel Live,‚Äù Kim Kardashian West discussed President @realDonaldTrump and his decis‚Ä¶ ",2018-07-31 17:09:02+00:00,0.0,0.0,1.0,0.0,4
FoxNews,"Indiana woman quilts American flag for @POTUS, wants to get it to @WhiteHouse ",2018-07-31 16:55:13+00:00,0.0,0.0,1.0,0.0,5
FoxNews,"OPINION: Trump's economy has Democrats singing the same old 'tax, spend and regulate' song ",2018-07-31 16:51:40+00:00,0.0,0.0,1.0,0.0,6
FoxNews,"Colorado police kill armed homeowner after mistaking him for intruder, cops say ",2018-07-31 16:46:49+00:00,-0.7783,0.0,0.595,0.405,7
FoxNews,".@LawrenceBJones3: ""The president‚Äôs actions matter‚Ä¶I like that the president likes to meet with foreign leaders.‚Äù‚Ä¶ ",2018-07-31 16:39:05+00:00,0.6486,0.29,0.71,0.0,8
FoxNews,Mountain lions captured lurking in front of California homes amid recent wildfires ,2018-07-31 16:36:59+00:00,-0.128,0.0,0.88,0.12,9
FoxNews,"JUST IN: @POTUS asks John Kelly to stay as chief of staff through 2020, sources say ",2018-07-31 16:30:29+00:00,0.0,0.0,1.0,0.0,10
FoxNews,.@UNC won‚Äôt act on statue of Confederate soldier target of repeated vandalism ,2018-07-31 16:27:11+00:00,0.0,0.0,1.0,0.0,11
FoxNews,Manafort trial: Mueller‚Äôs witness list offers glimpse at strategy focused on lavish spending (via @brookefoxnews) ,2018-07-31 16:17:42+00:00,0.3818,0.157,0.843,0.0,12
FoxNews,.@RepLeeZeldin: ‚ÄúWe have an immigration policy in our nation that is flawed. Every nation‚Äôs backbone is its rule of‚Ä¶ ,2018-07-31 16:11:07+00:00,0.0,0.0,1.0,0.0,13
FoxNews,Illegal immigrant deported 5 times from US sentenced for third DUI ,2018-07-31 15:57:05+00:00,-0.5719,0.0,0.63,0.37,14
FoxNews,Chicago Columnist After @POTUS Speech: 'Dems Don't Have Anyone Who Can Touch Him' in 2020 ,2018-07-31 15:44:26+00:00,0.0,0.0,1.0,0.0,15
FoxNews,".@SenJoniErnst: ‚ÄúWe would rather not see a government shutdown, but I do think that the president needs to be heard‚Ä¶ ",2018-07-31 15:41:54+00:00,0.0,0.0,1.0,0.0,16
FoxNews,"'Obese' tourists from US and UK blamed for crippling donkeys in Greece, activists say ",2018-07-31 15:36:46+00:00,-0.4767,0.0,0.807,0.193,17
FoxNews,"Vanderbilt condemns ‚Äòdeeply disturbing‚Äô white supremacy email sent to students, faculty ",2018-07-31 15:31:33+00:00,-0.4767,0.089,0.667,0.244,18
FoxNews,Jury selection underway in Manafort trial @AmericaNewsroom ,2018-07-31 15:29:03+00:00,0.0,0.0,1.0,0.0,19
FoxNews,Report details how McDonald's Monopoly game was fixed by ex-cop ,2018-07-31 15:25:00+00:00,0.0,0.0,1.0,0.0,20
FoxNews,"'Jaws' may solve decades-old cold case of 'Lady of the Dunes' murder, Stephen King's son says ",2018-07-31 15:14:18+00:00,-0.5994,0.088,0.683,0.229,21
FoxNews,"RT @FoxBusiness: Why shoppers may pay more for tissues, toilet paper
",2018-07-31 15:13:51+00:00,-0.1027,0.0,0.877,0.123,22
FoxNews,"Man has 4 limbs amputated after dog lick leads to severe infection, report says ",2018-07-31 15:11:06+00:00,-0.3818,0.0,0.822,0.178,23
FoxNews,"Paul Manafort trial begins, shifting Mueller probe focus away from Russia; @pdoocy reports @AmericaNewsroom‚Ä¶ ",2018-07-31 15:05:20+00:00,0.0,0.0,1.0,0.0,24
FoxNews,Life on Mars: Amazing models reveal what it could look like (via @christocarbone) ,2018-07-31 15:04:00+00:00,0.743,0.364,0.636,0.0,25
FoxNews,"Paul Manafort's trial to test Mueller, Trump: What to know about the case ",2018-07-31 14:50:00+00:00,0.0,0.0,1.0,0.0,26
FoxNews,Andrew McCarthy on the possibility of Robert Mueller interviewing President Trump @AmericaNewsroom‚Ä¶ ,2018-07-31 14:40:42+00:00,0.0,0.0,1.0,0.0,27
FoxNews,Mollie Tibbetts' father says he is putting his faith in the investigators ,2018-07-31 14:27:35+00:00,0.4215,0.203,0.797,0.0,28
FoxNews,RT @FoxBusiness: New York state shuts down child's lemonade stand ,2018-07-31 14:23:40+00:00,0.0,0.0,1.0,0.0,29
FoxNews,A highway patrol officer has become an internet sensation after he helped rescue a month-old fawn from a Northern C‚Ä¶ ,2018-07-31 14:21:57+00:00,0.5106,0.171,0.829,0.0,30
FoxNews,Kim Kardashian West Not Joining Trump Bashers: 'I Have Nothing Bad to Say About the President' ,2018-07-31 14:20:33+00:00,0.431,0.16,0.84,0.0,31
FoxNews,"RT @FoxBusiness: .@DHSgov's @SecNielsen on immigration: ""Walls work...When the wall goes up, it does absolutely serve as not just a deterre‚Ä¶",2018-07-31 14:13:50+00:00,0.0,0.0,1.0,0.0,32
FoxNews,".@SenThomTillis: ‚ÄúI think we do have to express how committed we are to Pastor Brunson‚Äôs release, and I applaud the‚Ä¶ ",2018-07-31 14:12:32+00:00,0.6249,0.231,0.769,0.0,33
FoxNews,"RT @FoxBusiness: .@DHSgov's @SecNielsen on cybersecurity: ""We do have to move from complacency to consequences."" ",2018-07-31 14:05:04+00:00,0.0,0.0,1.0,0.0,34
FoxNews,"RT @FoxBusiness: .@DHSgov's @SecNielsen on cyber threats: ""Russia is very active... China has more of a long view."" ",2018-07-31 14:04:31+00:00,-0.4215,0.0,0.851,0.149,35
FoxNews,"RT @FoxBusiness: .@DHSgov's @SecNielsen on cyberattackers: ""They're using anyone and everyone that can attack us. So the biggest threat is‚Ä¶",2018-07-31 14:03:47+00:00,-0.7759,0.0,0.727,0.273,36
FoxNews,California's Carr Fire becomes 9th most destructive in state history; twin blazes threaten 10G homes ,2018-07-31 14:00:02+00:00,-0.8516,0.0,0.564,0.436,37
FoxNews,"Air Force brings AI to B-2, F-35 and F-15 ",2018-07-31 13:59:49+00:00,0.0,0.0,1.0,0.0,38
FoxNews,RT @FoxBusiness: US consumer spending increases solidly in June ,2018-07-31 13:58:22+00:00,0.0,0.0,1.0,0.0,39
FoxNews,".@SenThomTillis: ‚ÄúWe just want a just treatment for Pastor Brunson, and then talk about all the very positive thing‚Ä¶ ",2018-07-31 13:52:59+00:00,0.6361,0.245,0.755,0.0,40
FoxNews,"ISIS claims responsibility for Tajikistan attack that killed 2 US cyclists, 2 others ",2018-07-31 13:40:29+00:00,-0.8225,0.0,0.542,0.458,41
FoxNews,Alan Alda reveals he has Parkinson's disease ,2018-07-31 13:20:31+00:00,0.0,0.0,1.0,0.0,42
FoxNews,.@KellyannePolls: ‚ÄúThis trial obviously centers on matters that have nothing to do with the campaign.‚Äù ,2018-07-31 13:12:55+00:00,0.0258,0.073,0.927,0.0,43
FoxNews,Chicago activists demand Rahm Emanuel resign ahead of anti-violence rally ,2018-07-31 13:03:41+00:00,-0.4404,0.0,0.672,0.328,44
FoxNews,Toddler Gives Breakfast to California Firefighters Battling Carr Fire ,2018-07-31 12:41:58+00:00,-0.5423,0.0,0.609,0.391,45
FoxNews,"'No evidence' North Korea has stopped missile development, US officials confirm to Fox News ",2018-07-31 12:41:21+00:00,-0.4767,0.0,0.745,0.255,46
FoxNews,158 mph speeder who 'regrets nothing' denied plea deal by judge ,2018-07-31 12:19:14+00:00,-0.0243,0.173,0.647,0.18,47
FoxNews,Stuart Varney: ‚ÄúPresident Trump has directly reversed the economic policies of President Obama.‚Äù ,2018-07-31 12:10:31+00:00,0.0,0.0,1.0,0.0,48
FoxNews,"Trump slams 'total joke' Koch brothers, taking on mega-donor network (via @brookefoxnews) ",2018-07-31 12:03:16+00:00,0.296,0.167,0.833,0.0,49
FoxNews,LeBron James accuses Trump of using sports to divide the nation (via @RyanGaydos) ,2018-07-31 12:02:06+00:00,-0.34,0.0,0.833,0.167,50
FoxNews,"Jay Sekulow: ‚ÄúThe president is not resting until... Andrew Brunson, a pastor for 23 years in turkey, is returned to‚Ä¶ ",2018-07-31 11:49:48+00:00,0.0,0.0,1.0,0.0,51
FoxNews,"Jay Sekulow: ‚ÄúThere‚Äôs no violation of law, statute, rule or regulation that we have seen after reviewing this case‚Ä¶ ",2018-07-31 11:45:30+00:00,-0.6597,0.0,0.759,0.241,52
FoxNews,Rob Tibbets: ‚ÄúWe really don‚Äôt know much more than we knew right from the outset. There‚Äôs a lot of conjecture and sp‚Ä¶ ,2018-07-31 11:34:16+00:00,-0.5574,0.0,0.847,0.153,53
FoxNews,Matthew Jones: ‚ÄúI think that people should have to adhere by the law and I think if they want to come into this cou‚Ä¶ ,2018-07-31 11:29:56+00:00,0.0772,0.056,0.944,0.0,54
FoxNews,Kentucky woman determined to return American flag found at store to family of fallen soldier ,2018-07-31 11:10:41+00:00,-0.0258,0.134,0.726,0.14,55
FoxNews,"Chipotle offering free guac on July 31, National Avocado Day ",2018-07-31 11:05:35+00:00,0.5106,0.268,0.732,0.0,56
FoxNews,ICE agents accuse Oregon mayor of abetting 'Abolish ICE' protesters ,2018-07-31 10:48:32+00:00,-0.4019,0.0,0.684,0.316,57
FoxNews,"Threats aside, Trump says he's willing to meet with Iranians ",2018-07-31 10:39:23+00:00,-0.4215,0.0,0.763,0.237,58
FoxNews,Dying dad celebrates Christmas in July with family ,2018-07-31 10:29:04+00:00,0.5719,0.346,0.654,0.0,59
FoxNews,TSA calls reports it's surveilling ordinary Americans 'ridiculous' ,2018-07-31 10:28:10+00:00,0.0,0.0,1.0,0.0,60
FoxNews,North Korea possibly constructing new intercontinental ballistic missiles: report ,2018-07-31 10:25:01+00:00,0.0,0.0,1.0,0.0,61
FoxNews,"OPINION: If ObamaCare is an economic time bomb, Medicare for All would be a nuclear explosion ",2018-07-31 10:19:19+00:00,-0.4939,0.0,0.814,0.186,62
FoxNews,.@CarleyShimkus is live with the 'Fox News Update' on Facebook Watch: ,2018-07-31 10:10:43+00:00,0.0,0.0,1.0,0.0,63
FoxNews,"Bernie Sanders' 'Medicare for all' bill estimated to cost $32.6T, new study says ",2018-07-31 09:58:51+00:00,0.0,0.0,1.0,0.0,64
FoxNews,"Air marshals have secretly monitored US passengers for years, report says ",2018-07-31 09:37:42+00:00,0.0,0.0,1.0,0.0,65
FoxNews,"Carrie Severino: ‚ÄúHe‚Äôs just such an amazing, excellent judge ",2018-07-31 09:22:25+00:00,0.8176,0.517,0.483,0.0,66
FoxNews,SHOW OFF: Ritchie the ring-tailed lemur confidently flexed his muscles on Monday at the Melbourne Zoo. ,2018-07-31 09:15:00+00:00,0.4767,0.171,0.829,0.0,67
FoxNews,Guy Fieri helps feed California residents displaced by deadly wildfires ,2018-07-31 09:10:50+00:00,0.3818,0.224,0.776,0.0,68
FoxNews,"New York brothers wake up to find intruder, beat and stab burglar to death, cops say ",2018-07-31 09:08:00+00:00,-0.8271,0.0,0.645,0.355,69
FoxNews,".@RudyGiuliani on Mueller investigation: ""We've been driven further away from the idea of answering any questions f‚Ä¶ ",2018-07-31 09:00:00+00:00,0.0,0.0,1.0,0.0,70
FoxNews,Texas mall robbery suspects ID'd as Mexican nationals in US illegally ,2018-07-31 08:53:00+00:00,-0.34,0.0,0.806,0.194,71
FoxNews,".@AlanDersh: ""I would hope we could get politics out of the confirmation process."" ",2018-07-31 08:45:00+00:00,0.4404,0.195,0.805,0.0,72
FoxNews,President @realDonaldTrump and Robert  Wilkie's wife Julia watch as @VP Mike Pence swears in Robert Wilkie as Secre‚Ä¶ ,2018-07-31 08:38:00+00:00,0.0516,0.066,0.934,0.0,73
FoxNews,.@JesseBWatters: ‚ÄúThe wall will be built. It'll be beautiful. But it looks like it‚Äôs going to be built one step at‚Ä¶ ,2018-07-31 08:15:00+00:00,0.6908,0.231,0.769,0.0,74
FoxNews,Senator @RandPaul released a statement Monday saying he will support Supreme Court nominee Judge Brett Kavanaugh.‚Ä¶ ,2018-07-31 08:07:00+00:00,0.743,0.326,0.674,0.0,75
FoxNews,"Peter Morici: ""What the left is denying is that over the entire Trump presidency, growth has averaged about 40 to 4‚Ä¶ ",2018-07-31 08:00:00+00:00,0.0516,0.108,0.792,0.1,76
FoxNews,Rand Paul says he will support Supreme Court nominee Brett Kavanaugh ,2018-07-31 07:53:00+00:00,0.743,0.412,0.588,0.0,77
FoxNews,Eight-year-old boy starts lemonade stand to help local police department ,2018-07-31 07:45:00+00:00,0.4019,0.231,0.769,0.0,78
FoxNews,"Bernie Sanders' 'Medicare for all' bill estimated to cost $32.6T, new study says ",2018-07-31 07:38:00+00:00,0.0,0.0,1.0,0.0,79
FoxNews,"Brandon Judd: ‚ÄúIf we build the walls in strategic locations, we will then be able to control where illegal immigrat‚Ä¶ ",2018-07-31 07:30:00+00:00,-0.5574,0.0,0.841,0.159,80
FoxNews,JUST IN: Malaysian civil aviation chief resigns in wake of MH370 report ,2018-07-31 07:24:52+00:00,-0.3182,0.0,0.827,0.173,81
FoxNews,Jersey Shore restaurant at odds with customer after video shows worm crawling in dinner ,2018-07-31 07:23:00+00:00,0.0,0.0,1.0,0.0,82
FoxNews,".@RepDeSantis: ""[@POTUS has] brought new people to the Republican Party."" #TheStory ",2018-07-31 07:15:00+00:00,0.0,0.0,1.0,0.0,83
FoxNews,North Korea possibly constructing new intercontinental ballistic missiles: report ,2018-07-31 07:12:42+00:00,0.0,0.0,1.0,0.0,84
FoxNews,"Four dead, including child, in suspected triple murder-suicide in New York City ",2018-07-31 07:10:00+00:00,-0.7351,0.0,0.617,0.383,85
FoxNews,Firefighters with Cal Fire Mendocino Unit cover themselves from smoke and ash created by an advancing wildfire on M‚Ä¶ ,2018-07-31 07:07:00+00:00,-0.1027,0.093,0.794,0.112,86
FoxNews,".@MZHemingway on @POTUS' shutdown threat: ""He's in a position of strength right now and immigration is an issue tha‚Ä¶ ",2018-07-31 07:00:01+00:00,-0.0516,0.142,0.708,0.15,87
FoxNews,People gather outside the Greek Parliament in Athens in memory of victims of a deadly wildfire a week ago. ,2018-07-31 06:53:00+00:00,-0.3182,0.0,0.874,0.126,88
FoxNews,Ohio judge orders teen who pushed over portable toilet to clean up animal waste ,2018-07-31 06:49:18+00:00,-0.0258,0.154,0.686,0.16,89
FoxNews,".@MonicaCrowley: ‚ÄúThe reason we have Donald Trump‚Ä¶is because he went out into the heartland and he said, ‚ÄòYou know‚Ä¶ ",2018-07-31 06:45:00+00:00,0.0,0.0,1.0,0.0,90
FoxNews,ICE agents accuse Oregon mayor of abetting 'Abolish ICE' protesters ,2018-07-31 06:38:00+00:00,-0.4019,0.0,0.684,0.316,91
FoxNews,".@kayleighmcenany: ""Democrats are quivering when they hear the word shutdown. They lost the last one, and the Ameri‚Ä¶ ",2018-07-31 06:30:00+00:00,-0.3182,0.0,0.881,0.119,92
FoxNews,.@KingJames opens school for challenged youth in hometown ,2018-07-31 06:23:00+00:00,-0.1027,0.0,0.833,0.167,93
FoxNews,".@POTUS: ""America's booming economy, setting records in so many categories, creates enormous opportunities for inve‚Ä¶ ",2018-07-31 06:15:00+00:00,0.6077,0.276,0.724,0.0,94
FoxNews,"During a press conference with Italian Prime Minister Giuseppe Conte, President @realDonaldTrump reiterated his wee‚Ä¶ ",2018-07-31 06:07:00+00:00,0.0,0.0,1.0,0.0,95
FoxNews,".@IngrahamAngle: ‚ÄúOne could also make the argument that selling out American workers, and offering up our industrie‚Ä¶ ",2018-07-31 06:00:00+00:00,-0.3612,0.0,0.865,0.135,96
FoxNews,"""We feel about the way you'd expect a family to feel that has someone that we love as much as Mollie, but that's re‚Ä¶ ",2018-07-31 05:53:00+00:00,0.3818,0.106,0.894,0.0,97
FoxNews,"On Monday, former President @BarackObama and Vice President @JoeBiden grabbed lunch together at Dog Tag Bakery, a W‚Ä¶ ",2018-07-31 05:45:00+00:00,0.0,0.0,1.0,0.0,98
FoxNews,"""Someone knows something and they need to call the authorities."" 

Rob Tibbetts, father of the missing University o‚Ä¶ ",2018-07-31 05:41:46+00:00,-0.7003,0.0,0.734,0.266,99
FoxNews,"An air tanker passes behind a smoke plume while battling the River Fire in Lakeport, California, on Monday. A pair‚Ä¶ ",2018-07-31 05:38:00+00:00,-0.5423,0.0,0.78,0.22,100
NYTimes,"What you won't hear about at the Paul Manafort trial: Russia, or how jurors voted in 2016 ",2018-07-31 17:45:10+00:00,0.0,0.0,1.0,0.0,1
NYTimes,"RT @halophoenix: Today in Smarter Living, a few strategic upgrades to my tiny apartment bedroom turned it from a near-closet to a relaxing,‚Ä¶",2018-07-31 17:30:09+00:00,0.4588,0.136,0.864,0.0,2
NYTimes,Workplaces can be weird sometimes. She can help. ,2018-07-31 17:15:04+00:00,0.25,0.26,0.577,0.163,3
NYTimes,"In Opinion

Op-Ed columnist Frank Bruni writes, ""Manafort‚Äôs trial on bank- and tax-fraud charges, stemming from pol‚Ä¶ ",2018-07-31 17:05:08+00:00,-0.2732,0.0,0.884,0.116,4
NYTimes,"Journalist Bob Woodward, famed for his coverage of Watergate, has a new book: ‚ÄúFear: Trump in the White House,‚Äù abo‚Ä¶ ",2018-07-31 16:50:03+00:00,0.0,0.0,1.0,0.0,5
NYTimes,"RT @RaR: Local news is in crisis across the country, and New Jersey lawmakers want to try something once unthinkable: Putting up taxpayer m‚Ä¶",2018-07-31 16:35:04+00:00,-0.5859,0.047,0.803,0.15,6
NYTimes,Breaking News: Facebook identified coordinated efforts using fake accounts to influence the midterm elections on is‚Ä¶ ,2018-07-31 16:21:57+00:00,-0.4767,0.0,0.829,0.171,7
NYTimes,"LeBron James started posting workout videos to Instagram, so now everybody is posting workout videos to Instagram ",2018-07-31 16:15:06+00:00,0.0,0.0,1.0,0.0,8
NYTimes,"""We are not going to run out of food ‚Äî this isn't about the return of rationing,"" said the director general of the‚Ä¶ ",2018-07-31 16:00:18+00:00,0.0,0.0,1.0,0.0,9
NYTimes,"President Trump and Senate Republicans are stacking federal appeals courts with young, conservative judges who, thr‚Ä¶ ",2018-07-31 15:50:05+00:00,0.0,0.0,1.0,0.0,10
NYTimes,Alda said he revealed he had Parkinson‚Äôs disease to encourage people to take action. ‚ÄúThe reason I want to talk abo‚Ä¶ ,2018-07-31 15:39:03+00:00,0.5574,0.204,0.796,0.0,11
NYTimes,Alda says he was prompted to ask his doctor for a scan after reading a 2015 New York Times article on Parkinson's d‚Ä¶ ,2018-07-31 15:35:00+00:00,0.0,0.0,1.0,0.0,12
NYTimes,‚ÄúM*A*S*H‚Äù actor Alan Alda revealed on CBS ‚ÄúThis Morning‚Äù that he has been living with Parkinson‚Äôs disease for over‚Ä¶ ,2018-07-31 15:30:09+00:00,0.0,0.0,1.0,0.0,13
NYTimes,"Police say a Connecticut man used dating apps to hunt women, including a nurse he met through Tinder who was murder‚Ä¶ ",2018-07-31 15:15:05+00:00,0.0,0.0,1.0,0.0,14
NYTimes,"RT @nytimesworld: As British courts shifted their position on ending life support for patients in a persistent vegetative state, one campai‚Ä¶",2018-07-31 15:00:14+00:00,0.4019,0.124,0.876,0.0,15
NYTimes,President Trump said he is ‚Äúlooking into‚Äù his administration‚Äôs decision to allow 3-D printed plastic guns capable o‚Ä¶ ,2018-07-31 14:45:05+00:00,0.5423,0.22,0.78,0.0,16
NYTimes,President Trump's endorsements have influenced the outcomes of primaries across the country this year. Florida's Re‚Ä¶ ,2018-07-31 14:30:07+00:00,0.0,0.0,1.0,0.0,17
NYTimes,"RT @jmartNYT: NEW: @adamputnam did everything right: UF, state house at 22, Congress at 26, where he became member of ldrshp, and then two‚Ä¶",2018-07-31 14:15:06+00:00,0.0,0.0,1.0,0.0,18
NYTimes,"Your daily @DealBook Briefing:

‚Ä¢ Trump considers a huge tax cut for the rich¬†

‚Ä¢ Les Moonves stays at CBS (for now‚Ä¶ ",2018-07-31 14:00:09+00:00,0.5859,0.246,0.667,0.088,19
NYTimes,Stephen Colbert stopped just short of saying that Les Moonves should resign as chief executive of CBS Corporation.‚Ä¶ ,2018-07-31 13:45:06+00:00,-0.5106,0.0,0.788,0.212,20
NYTimes,Water sloshes into their homes. The drains back up and overflow. The community tap is often contaminated. Dengue fe‚Ä¶ ,2018-07-31 13:30:08+00:00,0.0,0.0,1.0,0.0,21
NYTimes,"Leslie Cockburn, a Democratic congressional nominee in Virginia, accused her Republican opponent, Denver Riggleman,‚Ä¶ ",2018-07-31 13:15:09+00:00,-0.296,0.0,0.845,0.155,22
NYTimes,Morning¬†Briefing: Here's what you need to know to start your day ,2018-07-31 13:00:18+00:00,0.0,0.0,1.0,0.0,23
NYTimes,"His mother ran toward him, her heart racing. ""I cried and hugged him ‚Äî but he didn't even care. He stood there froz‚Ä¶ ",2018-07-31 12:50:03+00:00,-0.5255,0.071,0.728,0.201,24
NYTimes,Gun control proponents and state officials are racing the clock to try to block blueprints to make guns from 3-D pr‚Ä¶ ,2018-07-31 12:40:06+00:00,-0.6486,0.0,0.782,0.218,25
NYTimes,The charges against Manafort do not involve any allegations that the Trump campaign conspired with Russians. Noneth‚Ä¶ ,2018-07-31 12:31:04+00:00,-0.2732,0.0,0.884,0.116,26
NYTimes,Iran said that talks with the United States would be impossible under what it called the Trump administration‚Äôs hos‚Ä¶ ,2018-07-31 12:15:04+00:00,0.4215,0.135,0.865,0.0,27
NYTimes,"Rudy Giuliani, a lawyer for President Trump, said in interviews that even if Trump did collude with the Russians, h‚Ä¶ ",2018-07-31 11:44:07+00:00,0.0,0.0,1.0,0.0,28
NYTimes,"""Among everyone caught up in the #MeToo movement, only Mr. Moonves was so bold ‚Äî or so reckless ‚Äî as to start a civ‚Ä¶ ",2018-07-31 11:32:04+00:00,0.0959,0.133,0.749,0.118,29
NYTimes,Democrats are working on an election strategy for the 2018 midterms and beyond. It's one that deliberately sounds l‚Ä¶ ,2018-07-31 11:14:04+00:00,0.0,0.0,1.0,0.0,30
NYTimes,The Trump administration is considering bypassing Congress to give a $100 billion tax cut to the wealthy by changin‚Ä¶ ,2018-07-31 11:00:12+00:00,0.1027,0.121,0.777,0.102,31
NYTimes,"A car ran down a group of touring cyclists in Tajikistan over the weekend, killing four people from the United Stat‚Ä¶ ",2018-07-31 10:46:00+00:00,-0.3818,0.116,0.702,0.182,32
NYTimes,"Long lines of enthusiastic voters formed at polling stations in Zimbabwe on Monday, following a peaceful campaign w‚Ä¶ ",2018-07-31 10:30:04+00:00,0.7506,0.299,0.701,0.0,33
NYTimes,"""This is really frightening if this is the new normal,"" said an energy industry analyst in Norway ",2018-07-31 10:16:03+00:00,-0.3384,0.102,0.728,0.17,34
NYTimes,Morning¬†Briefing: Here's what you need to know to start your day ,2018-07-31 10:00:09+00:00,0.0,0.0,1.0,0.0,35
NYTimes,"""Stockpiling of food is not a practical response to a no-deal on Brexit and industry has not been approached by Gov‚Ä¶ ",2018-07-31 09:43:05+00:00,0.0,0.0,1.0,0.0,36
NYTimes,Paul Manafort faces 32 charges of bank and tax fraud largely stemming from his work as a political consultant in Uk‚Ä¶ ,2018-07-31 09:31:02+00:00,-0.7096,0.0,0.753,0.247,37
NYTimes,An actor‚Äôs suicide has rattled the cast of the hit musical ‚ÄúChicago‚Äù and raised thorny questions about workplace be‚Ä¶ ,2018-07-31 09:14:05+00:00,-0.765,0.0,0.72,0.28,38
NYTimes,"Militants detonated a car bomb at a military checkpoint in the southern Philippine island of Basilan, killing at le‚Ä¶ ",2018-07-31 09:00:03+00:00,-0.8225,0.0,0.664,0.336,39
NYTimes,RT @nytimesworld: Nuns in a convent breed endangered Mexican salamanders to make them into a cough syrup. They may be the only thing saving‚Ä¶,2018-07-31 08:45:03+00:00,0.0,0.0,1.0,0.0,40
NYTimes,"This Italian town is known for its ceramics, but it hopes to become known as a center of suborbital flights ",2018-07-31 08:33:04+00:00,0.5719,0.171,0.829,0.0,41
NYTimes,RT @nytimesworld: At least 1.3 million people were deported to Auschwitz during World War II. About 1.1 million people died there. Fewer th‚Ä¶,2018-07-31 08:16:01+00:00,-0.8176,0.0,0.737,0.263,42
NYTimes,The Trump administration is considering bypassing Congress to give a $100 billion tax cut to the wealthy by changin‚Ä¶ ,2018-07-31 08:02:04+00:00,0.1027,0.121,0.777,0.102,43
NYTimes,"RT @nytopinion: President Trump told Iowans ""farmers love me"" but many farmers think his trade war is a self-inflicted wound for the countr‚Ä¶",2018-07-31 07:47:02+00:00,-0.5789,0.093,0.716,0.191,44
NYTimes,A vaccine scandal that has become one of the most visible public health crises in China in recent years ,2018-07-31 07:32:04+00:00,-0.4404,0.0,0.854,0.146,45
NYTimes,Taking an organized tour of Nepal and Bhutan was supposed to make a complicated trip less daunting. But would it ma‚Ä¶ ,2018-07-31 07:17:06+00:00,0.0,0.0,1.0,0.0,46
NYTimes,Many feel that a draft list of citizens released by the Indian government has disproportionately left off Muslims a‚Ä¶ ,2018-07-31 07:02:00+00:00,0.0,0.0,1.0,0.0,47
NYTimes,Blue-collar workers at an Ohio factory said they support President Trump on tariffs regardless of the cost. ‚ÄúIf it‚Ä¶ ,2018-07-31 06:40:22+00:00,0.4019,0.13,0.87,0.0,48
NYTimes,It's not just service dogs: Here's why management companies allow emotional-support animals in pet-free buildings ,2018-07-31 06:22:36+00:00,0.2263,0.119,0.881,0.0,49
NYTimes,"Philippine Bombing Kills 10, Showing Insurgents Remain a Problem ",2018-07-31 06:04:37+00:00,-0.7351,0.0,0.492,0.508,50
NYTimes,"You know them from ‚ÄúKilling Eve,‚Äù ‚ÄúBarry,‚Äù and more. But here‚Äôs what your favorite TV stars were up to before they‚Ä¶ ",2018-07-31 06:04:37+00:00,0.6124,0.167,0.833,0.0,51
NYTimes,The proposed $100 billion bullet train to connect LA to San Francisco is the most ambitious public transportation p‚Ä¶ ,2018-07-31 05:48:21+00:00,0.5256,0.159,0.841,0.0,52
NYTimes,RT @nytfood: This new pizza from @melissaclark is so good that you won‚Äôt mind turning on your oven to make it in the middle of summer ,2018-07-31 05:32:04+00:00,0.5777,0.13,0.87,0.0,53
NYTimes,Having trouble making financial decisions? Reframe thinking about money as a lifestyle choice. ,2018-07-31 05:16:50+00:00,-0.4019,0.0,0.803,0.197,54
NYTimes,"There is a growing trend in corporate America: CEOs branching out into activism. Just look at Starbucks, Dick‚Äôs and‚Ä¶ ",2018-07-31 04:59:04+00:00,0.1779,0.091,0.909,0.0,55
NYTimes,"RT @NYTHealth: Burning and scarring have been reported by women paying for ""vaginal rejuvenation"" treatments using lasers, prompting the FD‚Ä¶",2018-07-31 04:42:03+00:00,0.0,0.0,1.0,0.0,56
NYTimes,RT @MitchKSmith: Minneapolis police officers won't face charges in the fatal shooting of Thurman Blevins. Prosecutors said Mr. Blevins was‚Ä¶,2018-07-31 04:22:05+00:00,-0.3991,0.078,0.772,0.15,57
NYTimes,"Tom Cruise insists on doing his own stunts in ""Mission: Impossible."" Here are the 5 most dangerous stunts to pull o‚Ä¶ ",2018-07-31 04:02:02+00:00,-0.5256,0.0,0.848,0.152,58
NYTimes,Brexit Plans Raise Fears of Food Shortages and Jammed Ports ,2018-07-31 03:59:36+00:00,-0.5267,0.0,0.645,0.355,59
NYTimes,Nuns in a convent breed endangered Mexican salamanders to make them into a cough syrup. They may be the only thing‚Ä¶ ,2018-07-31 03:47:01+00:00,0.0,0.0,1.0,0.0,60
NYTimes,"With items that must always be in stock, new contracts and new corporate rules, the long-simmering tension between‚Ä¶ ",2018-07-31 03:32:05+00:00,-0.3182,0.0,0.881,0.119,61
NYTimes,"RT @liamstack: It's here, people. The @NYTpolitics deep dive on alleged Bigfoot erotica. ",2018-07-31 03:17:02+00:00,0.0,0.0,1.0,0.0,62
NYTimes,"With 99 days to go until the November midterm election, the battleground in the fight for control of the House is s‚Ä¶ ",2018-07-31 03:02:05+00:00,-0.6486,0.0,0.791,0.209,63
NYTimes,"The climate is warming, but California's birds are finding ways to stay cool: ""Birds can manipulate all kinds of th‚Ä¶ ",2018-07-31 02:47:07+00:00,0.5023,0.191,0.809,0.0,64
NYTimes,President Trump again threatened to shut down the federal government if Congress doesn't deliver on border security‚Ä¶ ,2018-07-31 02:32:02+00:00,-0.4588,0.0,0.842,0.158,65
NYTimes,"RT @MarkMazzettiNYT: ‚ÄúCollusion isn‚Äôt a crime,‚Äù say Rudy and other Trump allies. But conspiracy most certainly is. ",2018-07-31 02:17:04+00:00,-0.2641,0.16,0.632,0.208,66
NYTimes,"Is a $100 billion train the future of California or a boondoggle? Despite opposition, construction on the high-spee‚Ä¶ ",2018-07-31 02:02:06+00:00,0.0,0.0,1.0,0.0,67
NYTimes,"New Jersey, in a first-of-its-kind initiative, has set aside millions to pay for community journalism. ""It‚Äôs one of‚Ä¶ ",2018-07-31 01:47:02+00:00,-0.1027,0.0,0.92,0.08,68
NYTimes,"If you missed Mars at opposition a few nights ago, you'll get a chance to see the red planet at its closest approac‚Ä¶ ",2018-07-31 01:32:04+00:00,-0.0516,0.086,0.819,0.095,69
NYTimes,"RT @jdelreal: Today in Redding I spoke to some of the 35k individuals displaced by the Carr Fire. They are grateful to be alive, but desper‚Ä¶",2018-07-31 01:17:02+00:00,0.2732,0.138,0.8,0.062,70
NYTimes,Evening Briefing: Here's what you need to know at the end of the day ,2018-07-31 01:03:10+00:00,0.0,0.0,1.0,0.0,71
NYTimes,"Talk has been swirling in the UK over preparations for a ""no deal"" Brexit ‚Äî a scenario that could mean new border c‚Ä¶ ",2018-07-31 00:47:05+00:00,-0.296,0.0,0.896,0.104,72
NYTimes,"Florida has an algae problem, and it‚Äôs big. A toxic bloom in the waters off the state‚Äôs southwestern coast is killi‚Ä¶ ",2018-07-31 00:32:03+00:00,-0.4019,0.0,0.876,0.124,73
NYTimes,"RT @NYTObits: Herman Shine, who escaped Auschwitz with the help of his best friend and a Polish civilian, then was sheltered by the woman w‚Ä¶",2018-07-31 00:17:02+00:00,0.8779,0.325,0.675,0.0,74
NYTimes,"Who are Alex Faust and Laura Coates? Two potential replacements for Alex Trebek, who said he may stop hosting ""Jeop‚Ä¶ ",2018-07-31 00:02:08+00:00,-0.296,0.0,0.896,0.104,75
NYTimes,There it was: Glowering red on the dashboard of the sky like an astrological warning light next to the full Blood M‚Ä¶ ,2018-07-30 23:47:05+00:00,0.0258,0.1,0.803,0.096,76
NYTimes,"Roughly 37,000 people were forced to evacuate their homes in recent days as wildfires raged in California. ‚ÄúAll tha‚Ä¶ ",2018-07-30 23:32:03+00:00,-0.7184,0.0,0.739,0.261,77
NYTimes,"RT @jasondhorowitz: As Manafort's trial begins, meet the American reporter turned Italian media celebrity turned Manafort associate and org‚Ä¶",2018-07-30 23:17:03+00:00,0.0,0.0,1.0,0.0,78
NYTimes,"‚ÄúI consider myself a flaming feminist,‚Äù Justice Ruth Bader Ginsburg said on Sunday after a performance of ‚ÄúThe Orig‚Ä¶ ",2018-07-30 23:02:03+00:00,0.5267,0.175,0.825,0.0,79
NYTimes,Evening Briefing: Here's what you need to know at the end of the day ,2018-07-30 22:47:04+00:00,0.0,0.0,1.0,0.0,80
NYTimes,"‚ÄúI have a sense of humor,‚Äù Denver Riggleman said. ‚ÄúI‚Äôm not going to apologize for personality.‚Äù ",2018-07-30 22:32:07+00:00,-0.0762,0.0,0.915,0.085,81
NYTimes,RT @dougmillsnyt: .@realDonaldTrump pumps his fist after his new Secretary of Veterans Affairs  Robert Wilkie is sworn-in by @VP Mike Pence‚Ä¶,2018-07-30 22:12:04+00:00,0.0,0.0,1.0,0.0,82
NYTimes,"A rare violin turned up in a Massachusetts pawnshop, sold for $50. The catch? It was stolen. And worth more than $2‚Ä¶ ",2018-07-30 21:59:04+00:00,-0.3182,0.082,0.779,0.139,83
NYTimes,RT @natashanyt: This just in: After the publication of our story --plus a Future of Privacy Forum inquiry ,2018-07-30 21:48:04+00:00,0.0,0.0,1.0,0.0,84
NYTimes,"Our commitment to the truth is more important now than ever.

Read about President Trump's meeting with the publish‚Ä¶ ",2018-07-30 21:40:05+00:00,0.7178,0.304,0.696,0.0,85
NYTimes,It's summer. Time to read. Need some ideas? Follow ,2018-07-30 21:32:05+00:00,0.0,0.0,1.0,0.0,86
NYTimes,"RT @arappeport: The Trump administration is mulling a unilateral $100bn tax cut for the wealthy, potentially wielding Treasury's regulatory‚Ä¶",2018-07-30 21:21:04+00:00,0.1027,0.121,0.777,0.102,87
NYTimes,The Trump administration is considering bypassing Congress to give a $100 billion tax cut to the wealthy by changin‚Ä¶ ,2018-07-30 21:13:39+00:00,0.1027,0.121,0.777,0.102,88
NYTimes,"""Completely and totally refreshing"": The New York Times review of Amy Poehler and Nick Offerman's new crafting real‚Ä¶ ",2018-07-30 21:00:06+00:00,0.0,0.0,1.0,0.0,89
NYTimes,"Minneapolis police officers will not face criminal charges in the fatal shooting of Thurman Blevins, an armed man w‚Ä¶ ",2018-07-30 20:50:06+00:00,0.0232,0.191,0.664,0.145,90
NYTimes,Did you have a sexual experience where you‚Äôve always wanted to know what was in the other person‚Äôs head? Or where y‚Ä¶ ,2018-07-30 20:40:04+00:00,0.0,0.0,1.0,0.0,91
NYTimes,"If Florida's governor's primary is indication, Donald Trump can now effectively decide primaries with a single twee‚Ä¶ ",2018-07-30 20:30:03+00:00,0.4404,0.162,0.838,0.0,92
NYTimes,The family that lost nine relatives when a duck boat sank in Missouri filed a $100 million lawsuit against boat's o‚Ä¶ ,2018-07-30 20:15:02+00:00,-0.4939,0.0,0.802,0.198,93
NYTimes,"In Opinion,

Eva Wiseman writes, ""The pull of 'Love Island' is in the very contrast between the show and the politi‚Ä¶ ",2018-07-30 20:00:17+00:00,0.6369,0.174,0.826,0.0,94
NYTimes,"Tom Cruise insists on doing his own stunts in ""Mission: Impossible."" Here are the 5 most dangerous stunts to pull o‚Ä¶ ",2018-07-30 19:45:05+00:00,-0.5256,0.0,0.848,0.152,95
NYTimes,"Octavia Spencer will executive produce and star in ‚ÄúMadam C.J. Walker,‚Äù a limited series on Netflix about one of th‚Ä¶ ",2018-07-30 19:30:13+00:00,-0.2263,0.0,0.905,0.095,96
NYTimes,"In the High Sierra of California, massive ecological change is underway in response to climate change. Leading the‚Ä¶ ",2018-07-30 19:15:06+00:00,0.0,0.0,1.0,0.0,97
NYTimes,Paul Manafort is scheduled to go to trial for financial fraud charges starting on Tuesday. Here's what you need to‚Ä¶ ,2018-07-30 19:00:17+00:00,-0.7096,0.0,0.753,0.247,98
NYTimes,"In Opinion

Colin Woodard writes, ""Contrary to conventional wisdom, the most significant and abiding divide in Amer‚Ä¶ ",2018-07-30 18:45:07+00:00,0.6697,0.268,0.732,0.0,99
NYTimes,"With 99 days to go until the November midterm election, the battleground in the fight for control of the House is s‚Ä¶ ",2018-07-30 18:30:03+00:00,-0.6486,0.0,0.791,0.209,100
